1;2025-01-17;10
2;2025-01-14;9
3;2025-01-10;1
4;2025-01-07;14
5;2025-01-03;3
6;2024-12-31;7
7;2024-12-27;2
8;2024-12-24;2
9;2024-12-20;5
10;2024-12-17;13
11;2024-12-13;2
12;2024-12-10;3
13;2024-12-06;8
14;2024-12-03;9
15;2024-11-29;6
16;2024-11-26;20
17;2024-11-22;4
18;2024-11-19;2
19;2024-11-15;2
20;2024-11-12;1
21;2024-11-08;2
22;2024-11-05;1
23;2024-11-01;7
24;2024-10-29;20
25;2024-10-25;3
26;2024-10-22;7
27;2024-10-18;6
28;2024-10-15;8
29;2024-10-11;7
30;2024-10-08;10
31;2024-10-04;2
32;2024-10-01;11
33;2024-09-27;4
34;2024-09-24;1
35;2024-09-20;4
36;2024-09-17;2
37;2024-09-13;9
38;2024-09-10;5
39;2024-09-06;5
40;2024-09-03;4
41;2024-08-30;6
42;2024-08-27;4
43;2024-08-23;4
44;2024-08-20;2
45;2024-08-16;5
46;2024-08-13;13
47;2024-08-09;11
48;2024-08-06;7
49;2024-08-02;3
50;2024-07-30;1
51;2024-07-26;3
52;2024-07-23;4
53;2024-07-19;1
54;2024-07-16;10
55;2024-07-12;6
56;2024-07-09;19
57;2024-07-05;2
58;2024-07-02;1
59;2024-06-28;1
60;2024-06-25;3
61;2024-06-21;8
62;2024-06-18;17
63;2024-06-14;5
64;2024-06-11;3
65;2024-06-07;2
66;2024-06-04;5
67;2024-05-31;1
68;2024-05-28;2
69;2024-05-24;1
70;2024-05-21;1
71;2024-05-17;5
72;2024-05-14;10
73;2024-05-10;2
74;2024-05-07;3
75;2024-05-03;3
76;2024-04-30;5
77;2024-04-26;2
78;2024-04-23;7
79;2024-04-19;6
80;2024-04-16;15
81;2024-04-12;17
82;2024-04-09;4
83;2024-04-05;4
84;2024-04-02;11
85;2024-03-29;1
86;2024-03-26;21
87;2024-03-22;2
88;2024-03-19;3
89;2024-03-15;22
90;2024-03-12;3
91;2024-03-08;1
92;2024-03-05;2
93;2024-03-01;15
94;2024-02-27;14
95;2024-02-23;8
96;2024-02-20;1
97;2024-02-16;4
98;2024-02-13;13
99;2024-02-09;5
100;2024-02-06;10
101;2024-02-02;7
102;2024-01-30;1
103;2024-01-26;7
104;2024-01-23;4
105;2024-01-19;11
106;2024-01-16;2
107;2024-01-12;5
108;2024-01-09;1
109;2024-01-05;3
110;2024-01-02;9
111;2023-12-29;3
112;2023-12-26;1
113;2023-12-22;8
114;2023-12-19;2
115;2023-12-15;1
116;2023-12-12;2
117;2023-12-08;8
118;2023-12-05;3
119;2023-12-01;4
120;2023-11-28;1
121;2023-11-24;2
122;2023-11-21;7
123;2023-11-17;2
124;2023-11-14;9
125;2023-11-10;7
126;2023-11-07;4
127;2023-11-03;5
128;2023-10-31;22
129;2023-10-27;6
130;2023-10-24;4
131;2023-10-20;3
132;2023-10-17;2
133;2023-10-13;8
134;2023-10-10;5
135;2023-10-06;4
136;2023-10-03;1
137;2023-09-29;2
138;2023-09-26;3
139;2023-09-22;12
140;2023-09-19;4
141;2023-09-15;1
142;2023-09-12;6
143;2023-09-08;15
144;2023-09-05;8
145;2023-09-01;1
146;2023-08-29;13
147;2023-08-25;7
148;2023-08-22;2
149;2023-08-18;1
150;2023-08-15;13
151;2023-08-11;7
152;2023-08-08;7
153;2023-08-04;2
154;2023-08-01;2
155;2023-07-28;4
156;2023-07-25;15
157;2023-07-21;4
158;2023-07-18;2
159;2023-07-14;3
160;2023-07-11;5
161;2023-07-07;12
162;2023-07-04;2
163;2023-06-30;1
164;2023-06-27;1
165;2023-06-23;8
166;2023-06-20;5
167;2023-06-16;11
168;2023-06-13;1
169;2023-06-09;7
170;2023-06-06;4
171;2023-06-02;1
172;2023-05-30;13
173;2023-05-26;2
174;2023-05-23;1
175;2023-05-19;12
176;2023-05-16;11
177;2023-05-12;4
178;2023-05-09;18
179;2023-05-05;8
180;2023-05-02;2
181;2023-04-28;1
182;2023-04-25;4
183;2023-04-21;7
184;2023-04-18;5
185;2023-04-14;17
186;2023-04-11;4
187;2023-04-07;15
188;2023-04-04;6
189;2023-03-31;1
190;2023-03-28;5
191;2023-03-24;5
192;2023-03-21;7
193;2023-03-17;5
194;2023-03-14;4
195;2023-03-10;18
196;2023-03-07;1
197;2023-03-03;10
198;2023-02-28;1
199;2023-02-24;1
200;2023-02-21;2
201;2023-02-17;10
202;2023-02-14;9
203;2023-02-10;6
204;2023-02-07;1
205;2023-02-03;7
206;2023-01-31;2
207;2023-01-27;4
208;2023-01-24;10
209;2023-01-20;9
210;2023-01-17;1
211;2023-01-13;3
212;2023-01-10;10
213;2023-01-06;7
214;2025-01-17;17
215;2025-01-14;12
216;2025-01-10;2
217;2025-01-07;20
218;2025-01-03;10
219;2024-12-31;9
220;2024-12-27;6
221;2024-12-24;10
222;2024-12-20;6
223;2024-12-17;16
224;2024-12-13;17
225;2024-12-10;6
226;2024-12-06;21
227;2024-12-03;14
228;2024-11-29;17
229;2024-11-26;24
230;2024-11-22;6
231;2024-11-19;10
232;2024-11-15;7
233;2024-11-12;12
234;2024-11-08;16
235;2024-11-05;2
236;2024-11-01;16
237;2024-10-29;26
238;2024-10-25;15
239;2024-10-22;8
240;2024-10-18;12
241;2024-10-15;12
242;2024-10-11;20
243;2024-10-08;11
244;2024-10-04;9
245;2024-10-01;12
246;2024-09-27;6
247;2024-09-24;11
248;2024-09-20;8
249;2024-09-17;4
250;2024-09-13;12
251;2024-09-10;16
252;2024-09-06;16
253;2024-09-03;6
254;2024-08-30;7
255;2024-08-27;17
256;2024-08-23;5
257;2024-08-20;11
258;2024-08-16;7
259;2024-08-13;28
260;2024-08-09;16
261;2024-08-06;12
262;2024-08-02;18
263;2024-07-30;4
264;2024-07-26;8
265;2024-07-23;12
266;2024-07-19;3
267;2024-07-16;11
268;2024-07-12;7
269;2024-07-09;22
270;2024-07-05;6
271;2024-07-02;10
272;2024-06-28;5
273;2024-06-25;11
274;2024-06-21;12
275;2024-06-18;19
276;2024-06-14;11
277;2024-06-11;30
278;2024-06-07;3
279;2024-06-04;6
280;2024-05-31;4
281;2024-05-28;6
282;2024-05-24;6
283;2024-05-21;4
284;2024-05-17;13
285;2024-05-14;15
286;2024-05-10;4
287;2024-05-07;22
288;2024-05-03;5
289;2024-04-30;8
290;2024-04-26;3
291;2024-04-23;14
292;2024-04-19;7
293;2024-04-16;19
294;2024-04-12;25
295;2024-04-09;5
296;2024-04-05;8
297;2024-04-02;23
298;2024-03-29;14
299;2024-03-26;24
300;2024-03-22;7
301;2024-03-19;16
302;2024-03-15;24
303;2024-03-12;15
304;2024-03-08;3
305;2024-03-05;4
306;2024-03-01;17
307;2024-02-27;18
308;2024-02-23;16
309;2024-02-20;4
310;2024-02-16;19
311;2024-02-13;16
312;2024-02-09;8
313;2024-02-06;16
314;2024-02-02;9
315;2024-01-30;6
316;2024-01-26;11
317;2024-01-23;9
318;2024-01-19;20
319;2024-01-16;9
320;2024-01-12;6
321;2024-01-09;2
322;2024-01-05;6
323;2024-01-02;10
324;2023-12-29;6
325;2023-12-26;11
326;2023-12-22;16
327;2023-12-19;3
328;2023-12-15;2
329;2023-12-12;6
330;2023-12-08;9
331;2023-12-05;4
332;2023-12-01;12
333;2023-11-28;18
334;2023-11-24;24
335;2023-11-21;13
336;2023-11-17;23
337;2023-11-14;14
338;2023-11-10;12
339;2023-11-07;6
340;2023-11-03;7
341;2023-10-31;23
342;2023-10-27;17
343;2023-10-24;15
344;2023-10-20;18
345;2023-10-17;7
346;2023-10-13;17
347;2023-10-10;6
348;2023-10-06;17
349;2023-10-03;7
350;2023-09-29;12
351;2023-09-26;7
352;2023-09-22;13
353;2023-09-19;7
354;2023-09-15;2
355;2023-09-12;7
356;2023-09-08;22
357;2023-09-05;20
358;2023-09-01;7
359;2023-08-29;17
360;2023-08-25;12
361;2023-08-22;7
362;2023-08-18;7
363;2023-08-15;15
364;2023-08-11;8
365;2023-08-08;19
366;2023-08-04;11
367;2023-08-01;13
368;2023-07-28;17
369;2023-07-25;16
370;2023-07-21;8
371;2023-07-18;4
372;2023-07-14;11
373;2023-07-11;16
374;2023-07-07;13
375;2023-07-04;9
376;2023-06-30;13
377;2023-06-27;9
378;2023-06-23;19
379;2023-06-20;10
380;2023-06-16;20
381;2023-06-13;2
382;2023-06-09;10
383;2023-06-06;7
384;2023-06-02;12
385;2023-05-30;14
386;2023-05-26;7
387;2023-05-23;7
388;2023-05-19;13
389;2023-05-16;13
390;2023-05-12;5
391;2023-05-09;19
392;2023-05-05;16
393;2023-05-02;12
394;2023-04-28;2
395;2023-04-25;19
396;2023-04-21;8
397;2023-04-18;7
398;2023-04-14;25
399;2023-04-11;5
400;2023-04-07;26
401;2023-04-04;15
402;2023-03-31;3
403;2023-03-28;9
404;2023-03-24;9
405;2023-03-21;15
406;2023-03-17;15
407;2023-03-14;15
408;2023-03-10;19
409;2023-03-07;16
410;2023-03-03;14
411;2023-02-28;3
412;2023-02-24;11
413;2023-02-21;14
414;2023-02-17;12
415;2023-02-14;15
416;2023-02-10;16
417;2023-02-07;13
418;2023-02-03;10
419;2023-01-31;6
420;2023-01-27;5
421;2023-01-24;20
422;2023-01-20;16
423;2023-01-17;2
424;2023-01-13;16
425;2023-01-10;16
426;2023-01-06;14
427;2025-01-17;19
428;2025-01-14;13
429;2025-01-10;11
430;2025-01-07;21
431;2025-01-03;19
432;2024-12-31;11
433;2024-12-27;13
434;2024-12-24;15
435;2024-12-20;7
436;2024-12-17;27
437;2024-12-13;20
438;2024-12-10;22
439;2024-12-06;29
440;2024-12-03;21
441;2024-11-29;26
442;2024-11-26;31
443;2024-11-22;9
444;2024-11-19;16
445;2024-11-15;10
446;2024-11-12;13
447;2024-11-08;25
448;2024-11-05;9
449;2024-11-01;22
450;2024-10-29;28
451;2024-10-25;23
452;2024-10-22;23
453;2024-10-18;13
454;2024-10-15;19
455;2024-10-11;24
456;2024-10-08;13
457;2024-10-04;20
458;2024-10-01;28
459;2024-09-27;8
460;2024-09-24;21
461;2024-09-20;26
462;2024-09-17;11
463;2024-09-13;13
464;2024-09-10;22
465;2024-09-06;18
466;2024-09-03;10
467;2024-08-30;10
468;2024-08-27;25
469;2024-08-23;9
470;2024-08-20;12
471;2024-08-16;12
472;2024-08-13;30
473;2024-08-09;22
474;2024-08-06;13
475;2024-08-02;26
476;2024-07-30;11
477;2024-07-26;15
478;2024-07-23;14
479;2024-07-19;17
480;2024-07-16;18
481;2024-07-12;8
482;2024-07-09;29
483;2024-07-05;14
484;2024-07-02;11
485;2024-06-28;11
486;2024-06-25;28
487;2024-06-21;32
488;2024-06-18;32
489;2024-06-14;29
490;2024-06-11;39
491;2024-06-07;12
492;2024-06-04;12
493;2024-05-31;18
494;2024-05-28;9
495;2024-05-24;9
496;2024-05-21;6
497;2024-05-17;27
498;2024-05-14;18
499;2024-05-10;14
500;2024-05-07;32
501;2024-05-03;16
502;2024-04-30;18
503;2024-04-26;23
504;2024-04-23;17
505;2024-04-19;14
506;2024-04-16;22
507;2024-04-12;30
508;2024-04-09;22
509;2024-04-05;18
510;2024-04-02;36
511;2024-03-29;17
512;2024-03-26;25
513;2024-03-22;19
514;2024-03-19;19
515;2024-03-15;31
516;2024-03-12;20
517;2024-03-08;6
518;2024-03-05;7
519;2024-03-01;23
520;2024-02-27;22
521;2024-02-23;24
522;2024-02-20;23
523;2024-02-16;29
524;2024-02-13;18
525;2024-02-09;16
526;2024-02-06;21
527;2024-02-02;14
528;2024-01-30;12
529;2024-01-26;21
530;2024-01-23;25
531;2024-01-19;27
532;2024-01-16;10
533;2024-01-12;7
534;2024-01-09;12
535;2024-01-05;11
536;2024-01-02;16
537;2023-12-29;9
538;2023-12-26;13
539;2023-12-22;19
540;2023-12-19;4
541;2023-12-15;13
542;2023-12-12;22
543;2023-12-08;11
544;2023-12-05;8
545;2023-12-01;15
546;2023-11-28;25
547;2023-11-24;25
548;2023-11-21;30
549;2023-11-17;28
550;2023-11-14;15
551;2023-11-10;15
552;2023-11-07;16
553;2023-11-03;9
554;2023-10-31;25
555;2023-10-27;25
556;2023-10-24;16
557;2023-10-20;19
558;2023-10-17;15
559;2023-10-13;20
560;2023-10-10;12
561;2023-10-06;20
562;2023-10-03;10
563;2023-09-29;19
564;2023-09-26;13
565;2023-09-22;19
566;2023-09-19;13
567;2023-09-15;11
568;2023-09-12;9
569;2023-09-08;25
570;2023-09-05;23
571;2023-09-01;15
572;2023-08-29;19
573;2023-08-25;17
574;2023-08-22;12
575;2023-08-18;29
576;2023-08-15;20
577;2023-08-11;23
578;2023-08-08;22
579;2023-08-04;16
580;2023-08-01;26
581;2023-07-28;26
582;2023-07-25;17
583;2023-07-21;14
584;2023-07-18;5
585;2023-07-14;23
586;2023-07-11;23
587;2023-07-07;28
588;2023-07-04;20
589;2023-06-30;19
590;2023-06-27;25
591;2023-06-23;21
592;2023-06-20;24
593;2023-06-16;30
594;2023-06-13;8
595;2023-06-09;12
596;2023-06-06;13
597;2023-06-02;16
598;2023-05-30;18
599;2023-05-26;9
600;2023-05-23;10
601;2023-05-19;35
602;2023-05-16;19
603;2023-05-12;20
604;2023-05-09;31
605;2023-05-05;22
606;2023-05-02;22
607;2023-04-28;12
608;2023-04-25;21
609;2023-04-21;18
610;2023-04-18;16
611;2023-04-14;28
612;2023-04-11;11
613;2023-04-07;34
614;2023-04-04;29
615;2023-03-31;26
616;2023-03-28;12
617;2023-03-24;14
618;2023-03-21;17
619;2023-03-17;17
620;2023-03-14;17
621;2023-03-10;31
622;2023-03-07;26
623;2023-03-03;20
624;2023-02-28;8
625;2023-02-24;15
626;2023-02-21;26
627;2023-02-17;23
628;2023-02-14;21
629;2023-02-10;22
630;2023-02-07;26
631;2023-02-03;15
632;2023-01-31;16
633;2023-01-27;9
634;2023-01-24;25
635;2023-01-20;17
636;2023-01-17;5
637;2023-01-13;17
638;2023-01-10;18
639;2023-01-06;20
640;2025-01-17;25
641;2025-01-14;25
642;2025-01-10;19
643;2025-01-07;24
644;2025-01-03;27
645;2024-12-31;16
646;2024-12-27;31
647;2024-12-24;16
648;2024-12-20;24
649;2024-12-17;39
650;2024-12-13;22
651;2024-12-10;30
652;2024-12-06;31
653;2024-12-03;26
654;2024-11-29;29
655;2024-11-26;33
656;2024-11-22;21
657;2024-11-19;18
658;2024-11-15;14
659;2024-11-12;24
660;2024-11-08;38
661;2024-11-05;22
662;2024-11-01;28
663;2024-10-29;29
664;2024-10-25;24
665;2024-10-22;30
666;2024-10-18;21
667;2024-10-15;20
668;2024-10-11;33
669;2024-10-08;20
670;2024-10-04;27
671;2024-10-01;32
672;2024-09-27;16
673;2024-09-24;38
674;2024-09-20;32
675;2024-09-17;16
676;2024-09-13;15
677;2024-09-10;24
678;2024-09-06;20
679;2024-09-03;22
680;2024-08-30;14
681;2024-08-27;38
682;2024-08-23;15
683;2024-08-20;21
684;2024-08-16;18
685;2024-08-13;34
686;2024-08-09;25
687;2024-08-06;30
688;2024-08-02;28
689;2024-07-30;35
690;2024-07-26;29
691;2024-07-23;16
692;2024-07-19;18
693;2024-07-16;26
694;2024-07-12;11
695;2024-07-09;33
696;2024-07-05;19
697;2024-07-02;16
698;2024-06-28;12
699;2024-06-25;40
700;2024-06-21;33
701;2024-06-18;34
702;2024-06-14;31
703;2024-06-11;44
704;2024-06-07;15
705;2024-06-04;15
706;2024-05-31;19
707;2024-05-28;21
708;2024-05-24;11
709;2024-05-21;7
710;2024-05-17;28
711;2024-05-14;27
712;2024-05-10;28
713;2024-05-07;43
714;2024-05-03;20
715;2024-04-30;21
716;2024-04-26;36
717;2024-04-23;26
718;2024-04-19;15
719;2024-04-16;28
720;2024-04-12;35
721;2024-04-09;30
722;2024-04-05;24
723;2024-04-02;38
724;2024-03-29;19
725;2024-03-26;26
726;2024-03-22;28
727;2024-03-19;21
728;2024-03-15;33
729;2024-03-12;21
730;2024-03-08;19
731;2024-03-05;25
732;2024-03-01;32
733;2024-02-27;25
734;2024-02-23;28
735;2024-02-20;24
736;2024-02-16;34
737;2024-02-13;29
738;2024-02-09;32
739;2024-02-06;29
740;2024-02-02;18
741;2024-01-30;18
742;2024-01-26;22
743;2024-01-23;31
744;2024-01-19;28
745;2024-01-16;14
746;2024-01-12;18
747;2024-01-09;20
748;2024-01-05;24
749;2024-01-02;29
750;2023-12-29;25
751;2023-12-26;17
752;2023-12-22;25
753;2023-12-19;13
754;2023-12-15;15
755;2023-12-12;23
756;2023-12-08;23
757;2023-12-05;10
758;2023-12-01;22
759;2023-11-28;26
760;2023-11-24;28
761;2023-11-21;34
762;2023-11-17;30
763;2023-11-14;19
764;2023-11-10;16
765;2023-11-07;19
766;2023-11-03;10
767;2023-10-31;26
768;2023-10-27;28
769;2023-10-24;17
770;2023-10-20;21
771;2023-10-17;16
772;2023-10-13;23
773;2023-10-10;28
774;2023-10-06;23
775;2023-10-03;15
776;2023-09-29;26
777;2023-09-26;20
778;2023-09-22;26
779;2023-09-19;20
780;2023-09-15;27
781;2023-09-12;12
782;2023-09-08;29
783;2023-09-05;26
784;2023-09-01;30
785;2023-08-29;22
786;2023-08-25;18
787;2023-08-22;19
788;2023-08-18;36
789;2023-08-15;29
790;2023-08-11;28
791;2023-08-08;34
792;2023-08-04;21
793;2023-08-01;28
794;2023-07-28;28
795;2023-07-25;18
796;2023-07-21;25
797;2023-07-18;15
798;2023-07-14;27
799;2023-07-11;24
800;2023-07-07;32
801;2023-07-04;21
802;2023-06-30;26
803;2023-06-27;31
804;2023-06-23;29
805;2023-06-20;30
806;2023-06-16;34
807;2023-06-13;12
808;2023-06-09;31
809;2023-06-06;16
810;2023-06-02;21
811;2023-05-30;19
812;2023-05-26;12
813;2023-05-23;18
814;2023-05-19;41
815;2023-05-16;25
816;2023-05-12;26
817;2023-05-09;33
818;2023-05-05;24
819;2023-05-02;30
820;2023-04-28;15
821;2023-04-25;33
822;2023-04-21;26
823;2023-04-18;20
824;2023-04-14;30
825;2023-04-11;12
826;2023-04-07;41
827;2023-04-04;32
828;2023-03-31;28
829;2023-03-28;19
830;2023-03-24;23
831;2023-03-21;20
832;2023-03-17;22
833;2023-03-14;24
834;2023-03-10;36
835;2023-03-07;28
836;2023-03-03;37
837;2023-02-28;24
838;2023-02-24;21
839;2023-02-21;31
840;2023-02-17;26
841;2023-02-14;28
842;2023-02-10;23
843;2023-02-07;30
844;2023-02-03;17
845;2023-01-31;23
846;2023-01-27;13
847;2023-01-24;29
848;2023-01-20;19
849;2023-01-17;6
850;2023-01-13;23
851;2023-01-10;33
852;2023-01-06;24
853;2025-01-17;28
854;2025-01-14;27
855;2025-01-10;27
856;2025-01-07;26
857;2025-01-03;33
858;2024-12-31;17
859;2024-12-27;35
860;2024-12-24;31
861;2024-12-20;27
862;2024-12-17;43
863;2024-12-13;32
864;2024-12-10;32
865;2024-12-06;37
866;2024-12-03;29
867;2024-11-29;30
868;2024-11-26;36
869;2024-11-22;40
870;2024-11-19;22
871;2024-11-15;27
872;2024-11-12;28
873;2024-11-08;40
874;2024-11-05;26
875;2024-11-01;30
876;2024-10-29;35
877;2024-10-25;31
878;2024-10-22;32
879;2024-10-18;24
880;2024-10-15;26
881;2024-10-11;44
882;2024-10-08;22
883;2024-10-04;40
884;2024-10-01;36
885;2024-09-27;21
886;2024-09-24;40
887;2024-09-20;35
888;2024-09-17;25
889;2024-09-13;29
890;2024-09-10;31
891;2024-09-06;23
892;2024-09-03;32
893;2024-08-30;28
894;2024-08-27;41
895;2024-08-23;33
896;2024-08-20;24
897;2024-08-16;33
898;2024-08-13;40
899;2024-08-09;31
900;2024-08-06;38
901;2024-08-02;37
902;2024-07-30;42
903;2024-07-26;34
904;2024-07-23;27
905;2024-07-19;20
906;2024-07-16;36
907;2024-07-12;35
908;2024-07-09;41
909;2024-07-05;25
910;2024-07-02;19
911;2024-06-28;13
912;2024-06-25;43
913;2024-06-21;34
914;2024-06-18;37
915;2024-06-14;38
916;2024-06-11;45
917;2024-06-07;32
918;2024-06-04;18
919;2024-05-31;23
920;2024-05-28;22
921;2024-05-24;31
922;2024-05-21;34
923;2024-05-17;32
924;2024-05-14;28
925;2024-05-10;29
926;2024-05-07;46
927;2024-05-03;31
928;2024-04-30;23
929;2024-04-26;38
930;2024-04-23;29
931;2024-04-19;28
932;2024-04-16;34
933;2024-04-12;36
934;2024-04-09;44
935;2024-04-05;26
936;2024-04-02;42
937;2024-03-29;23
938;2024-03-26;31
939;2024-03-22;36
940;2024-03-19;24
941;2024-03-15;39
942;2024-03-12;23
943;2024-03-08;21
944;2024-03-05;33
945;2024-03-01;38
946;2024-02-27;34
947;2024-02-23;40
948;2024-02-20;31
949;2024-02-16;41
950;2024-02-13;35
951;2024-02-09;36
952;2024-02-06;42
953;2024-02-02;22
954;2024-01-30;26
955;2024-01-26;24
956;2024-01-23;41
957;2024-01-19;32
958;2024-01-16;42
959;2024-01-12;22
960;2024-01-09;24
961;2024-01-05;29
962;2024-01-02;36
963;2023-12-29;30
964;2023-12-26;42
965;2023-12-22;30
966;2023-12-19;21
967;2023-12-15;20
968;2023-12-12;28
969;2023-12-08;25
970;2023-12-05;38
971;2023-12-01;36
972;2023-11-28;30
973;2023-11-24;36
974;2023-11-21;37
975;2023-11-17;31
976;2023-11-14;45
977;2023-11-10;35
978;2023-11-07;29
979;2023-11-03;19
980;2023-10-31;35
981;2023-10-27;30
982;2023-10-24;23
983;2023-10-20;25
984;2023-10-17;18
985;2023-10-13;28
986;2023-10-10;33
987;2023-10-06;25
988;2023-10-03;30
989;2023-09-29;34
990;2023-09-26;22
991;2023-09-22;33
992;2023-09-19;24
993;2023-09-15;31
994;2023-09-12;13
995;2023-09-08;30
996;2023-09-05;38
997;2023-09-01;36
998;2023-08-29;26
999;2023-08-25;37
1000;2023-08-22;38
1001;2023-08-18;40
1002;2023-08-15;31
1003;2023-08-11;29
1004;2023-08-08;44
1005;2023-08-04;32
1006;2023-08-01;30
1007;2023-07-28;29
1008;2023-07-25;43
1009;2023-07-21;28
1010;2023-07-18;29
1011;2023-07-14;39
1012;2023-07-11;31
1013;2023-07-07;34
1014;2023-07-04;23
1015;2023-06-30;35
1016;2023-06-27;34
1017;2023-06-23;33
1018;2023-06-20;32
1019;2023-06-16;41
1020;2023-06-13;24
1021;2023-06-09;37
1022;2023-06-06;31
1023;2023-06-02;29
1024;2023-05-30;25
1025;2023-05-26;21
1026;2023-05-23;23
1027;2023-05-19;42
1028;2023-05-16;28
1029;2023-05-12;28
1030;2023-05-09;35
1031;2023-05-05;25
1032;2023-05-02;32
1033;2023-04-28;35
1034;2023-04-25;37
1035;2023-04-21;33
1036;2023-04-18;26
1037;2023-04-14;34
1038;2023-04-11;31
1039;2023-04-07;44
1040;2023-04-04;36
1041;2023-03-31;36
1042;2023-03-28;21
1043;2023-03-24;32
1044;2023-03-21;32
1045;2023-03-17;25
1046;2023-03-14;27
1047;2023-03-10;38
1048;2023-03-07;31
1049;2023-03-03;42
1050;2023-02-28;35
1051;2023-02-24;35
1052;2023-02-21;35
1053;2023-02-17;39
1054;2023-02-14;31
1055;2023-02-10;28
1056;2023-02-07;37
1057;2023-02-03;25
1058;2023-01-31;40
1059;2023-01-27;29
1060;2023-01-24;35
1061;2023-01-20;30
1062;2023-01-17;16
1063;2023-01-13;35
1064;2023-01-10;34
1065;2023-01-06;35
1066;2025-01-17;34
1067;2025-01-14;44
1068;2025-01-10;28
1069;2025-01-07;35
1070;2025-01-03;37
1071;2024-12-31;20
1072;2024-12-27;37
1073;2024-12-24;34
1074;2024-12-20;29
1075;2024-12-17;45
1076;2024-12-13;33
1077;2024-12-10;40
1078;2024-12-06;38
1079;2024-12-03;32
1080;2024-11-29;39
1081;2024-11-26;41
1082;2024-11-22;42
1083;2024-11-19;44
1084;2024-11-15;32
1085;2024-11-12;36
1086;2024-11-08;41
1087;2024-11-05;32
1088;2024-11-01;34
1089;2024-10-29;39
1090;2024-10-25;33
1091;2024-10-22;33
1092;2024-10-18;30
1093;2024-10-15;32
1094;2024-10-11;48
1095;2024-10-08;27
1096;2024-10-04;45
1097;2024-10-01;38
1098;2024-09-27;36
1099;2024-09-24;43
1100;2024-09-20;36
1101;2024-09-17;29
1102;2024-09-13;30
1103;2024-09-10;33
1104;2024-09-06;28
1105;2024-09-03;39
1106;2024-08-30;29
1107;2024-08-27;46
1108;2024-08-23;37
1109;2024-08-20;38
1110;2024-08-16;40
1111;2024-08-13;45
1112;2024-08-09;41
1113;2024-08-06;46
1114;2024-08-02;39
1115;2024-07-30;45
1116;2024-07-26;38
1117;2024-07-23;35
1118;2024-07-19;23
1119;2024-07-16;40
1120;2024-07-12;41
1121;2024-07-09;45
1122;2024-07-05;27
1123;2024-07-02;23
1124;2024-06-28;23
1125;2024-06-25;44
1126;2024-06-21;46
1127;2024-06-18;44
1128;2024-06-14;39
1129;2024-06-11;47
1130;2024-06-07;33
1131;2024-06-04;34
1132;2024-05-31;28
1133;2024-05-28;32
1134;2024-05-24;39
1135;2024-05-21;40
1136;2024-05-17;45
1137;2024-05-14;32
1138;2024-05-10;30
1139;2024-05-07;47
1140;2024-05-03;34
1141;2024-04-30;31
1142;2024-04-26;40
1143;2024-04-23;38
1144;2024-04-19;39
1145;2024-04-16;36
1146;2024-04-12;44
1147;2024-04-09;46
1148;2024-04-05;35
1149;2024-04-02;43
1150;2024-03-29;42
1151;2024-03-26;42
1152;2024-03-22;37
1153;2024-03-19;40
1154;2024-03-15;45
1155;2024-03-12;24
1156;2024-03-08;33
1157;2024-03-05;43
1158;2024-03-01;46
1159;2024-02-27;40
1160;2024-02-23;41
1161;2024-02-20;40
1162;2024-02-16;44
1163;2024-02-13;36
1164;2024-02-09;41
1165;2024-02-06;44
1166;2024-02-02;32
1167;2024-01-30;27
1168;2024-01-26;26
1169;2024-01-23;48
1170;2024-01-19;36
1171;2024-01-16;43
1172;2024-01-12;34
1173;2024-01-09;26
1174;2024-01-05;45
1175;2024-01-02;37
1176;2023-12-29;36
1177;2023-12-26;45
1178;2023-12-22;33
1179;2023-12-19;35
1180;2023-12-15;21
1181;2023-12-12;30
1182;2023-12-08;32
1183;2023-12-05;43
1184;2023-12-01;44
1185;2023-11-28;34
1186;2023-11-24;37
1187;2023-11-21;38
1188;2023-11-17;33
1189;2023-11-14;47
1190;2023-11-10;45
1191;2023-11-07;31
1192;2023-11-03;24
1193;2023-10-31;40
1194;2023-10-27;34
1195;2023-10-24;27
1196;2023-10-20;46
1197;2023-10-17;19
1198;2023-10-13;31
1199;2023-10-10;41
1200;2023-10-06;27
1201;2023-10-03;34
1202;2023-09-29;44
1203;2023-09-26;25
1204;2023-09-22;39
1205;2023-09-19;30
1206;2023-09-15;35
1207;2023-09-12;32
1208;2023-09-08;31
1209;2023-09-05;45
1210;2023-09-01;37
1211;2023-08-29;28
1212;2023-08-25;38
1213;2023-08-22;42
1214;2023-08-18;42
1215;2023-08-15;48
1216;2023-08-11;31
1217;2023-08-08;46
1218;2023-08-04;44
1219;2023-08-01;43
1220;2023-07-28;41
1221;2023-07-25;44
1222;2023-07-21;40
1223;2023-07-18;40
1224;2023-07-14;44
1225;2023-07-11;40
1226;2023-07-07;35
1227;2023-07-04;32
1228;2023-06-30;42
1229;2023-06-27;35
1230;2023-06-23;40
1231;2023-06-20;43
1232;2023-06-16;47
1233;2023-06-13;44
1234;2023-06-09;42
1235;2023-06-06;32
1236;2023-06-02;43
1237;2023-05-30;29
1238;2023-05-26;30
1239;2023-05-23;24
1240;2023-05-19;44
1241;2023-05-16;46
1242;2023-05-12;29
1243;2023-05-09;40
1244;2023-05-05;30
1245;2023-05-02;35
1246;2023-04-28;39
1247;2023-04-25;38
1248;2023-04-21;42
1249;2023-04-18;30
1250;2023-04-14;46
1251;2023-04-11;43
1252;2023-04-07;45
1253;2023-04-04;45
1254;2023-03-31;47
1255;2023-03-28;22
1256;2023-03-24;33
1257;2023-03-21;40
1258;2023-03-17;37
1259;2023-03-14;32
1260;2023-03-10;41
1261;2023-03-07;44
1262;2023-03-03;44
1263;2023-02-28;42
1264;2023-02-24;48
1265;2023-02-21;39
1266;2023-02-17;41
1267;2023-02-14;36
1268;2023-02-10;29
1269;2023-02-07;42
1270;2023-02-03;39
1271;2023-01-31;41
1272;2023-01-27;30
1273;2023-01-24;42
1274;2023-01-20;38
1275;2023-01-17;30
1276;2023-01-13;37
1277;2023-01-10;37
1278;2023-01-06;40
1279;2025-01-17;41
1280;2025-01-14;48
1281;2025-01-10;36
1282;2025-01-07;44
1283;2025-01-03;38
1284;2024-12-31;33
1285;2024-12-27;39
1286;2024-12-24;43
1287;2024-12-20;32
1288;2024-12-17;50
1289;2024-12-13;47
1290;2024-12-10;46
1291;2024-12-06;41
1292;2024-12-03;41
1293;2024-11-29;49
1294;2024-11-26;49
1295;2024-11-22;43
1296;2024-11-19;50
1297;2024-11-15;35
1298;2024-11-12;39
1299;2024-11-08;44
1300;2024-11-05;47
1301;2024-11-01;41
1302;2024-10-29;47
1303;2024-10-25;47
1304;2024-10-22;49
1305;2024-10-18;47
1306;2024-10-15;46
1307;2024-10-11;49
1308;2024-10-08;48
1309;2024-10-04;49
1310;2024-10-01;41
1311;2024-09-27;50
1312;2024-09-24;45
1313;2024-09-20;37
1314;2024-09-17;47
1315;2024-09-13;41
1316;2024-09-10;38
1317;2024-09-06;39
1318;2024-09-03;50
1319;2024-08-30;46
1320;2024-08-27;50
1321;2024-08-23;42
1322;2024-08-20;39
1323;2024-08-16;50
1324;2024-08-13;49
1325;2024-08-09;44
1326;2024-08-06;48
1327;2024-08-02;40
1328;2024-07-30;49
1329;2024-07-26;39
1330;2024-07-23;41
1331;2024-07-19;29
1332;2024-07-16;49
1333;2024-07-12;44
1334;2024-07-09;50
1335;2024-07-05;44
1336;2024-07-02;39
1337;2024-06-28;33
1338;2024-06-25;45
1339;2024-06-21;47
1340;2024-06-18;45
1341;2024-06-14;49
1342;2024-06-11;49
1343;2024-06-07;36
1344;2024-06-04;37
1345;2024-05-31;29
1346;2024-05-28;43
1347;2024-05-24;50
1348;2024-05-21;46
1349;2024-05-17;50
1350;2024-05-14;43
1351;2024-05-10;43
1352;2024-05-07;48
1353;2024-05-03;38
1354;2024-04-30;48
1355;2024-04-26;48
1356;2024-04-23;39
1357;2024-04-19;42
1358;2024-04-16;46
1359;2024-04-12;50
1360;2024-04-09;50
1361;2024-04-05;46
1362;2024-04-02;49
1363;2024-03-29;48
1364;2024-03-26;43
1365;2024-03-22;44
1366;2024-03-19;46
1367;2024-03-15;46
1368;2024-03-12;34
1369;2024-03-08;47
1370;2024-03-05;49
1371;2024-03-01;47
1372;2024-02-27;46
1373;2024-02-23;47
1374;2024-02-20;48
1375;2024-02-16;46
1376;2024-02-13;49
1377;2024-02-09;42
1378;2024-02-06;50
1379;2024-02-02;42
1380;2024-01-30;40
1381;2024-01-26;35
1382;2024-01-23;49
1383;2024-01-19;50
1384;2024-01-16;44
1385;2024-01-12;36
1386;2024-01-09;28
1387;2024-01-05;50
1388;2024-01-02;50
1389;2023-12-29;42
1390;2023-12-26;49
1391;2023-12-22;47
1392;2023-12-19;38
1393;2023-12-15;45
1394;2023-12-12;42
1395;2023-12-08;34
1396;2023-12-05;47
1397;2023-12-01;46
1398;2023-11-28;39
1399;2023-11-24;46
1400;2023-11-21;42
1401;2023-11-17;37
1402;2023-11-14;50
1403;2023-11-10;48
1404;2023-11-07;44
1405;2023-11-03;40
1406;2023-10-31;44
1407;2023-10-27;36
1408;2023-10-24;47
1409;2023-10-20;50
1410;2023-10-17;25
1411;2023-10-13;33
1412;2023-10-10;47
1413;2023-10-06;41
1414;2023-10-03;47
1415;2023-09-29;46
1416;2023-09-26;47
1417;2023-09-22;43
1418;2023-09-19;48
1419;2023-09-15;44
1420;2023-09-12;37
1421;2023-09-08;34
1422;2023-09-05;47
1423;2023-09-01;46
1424;2023-08-29;40
1425;2023-08-25;45
1426;2023-08-22;50
1427;2023-08-18;50
1428;2023-08-15;49
1429;2023-08-11;37
1430;2023-08-08;49
1431;2023-08-04;47
1432;2023-08-01;46
1433;2023-07-28;48
1434;2023-07-25;48
1435;2023-07-21;41
1436;2023-07-18;49
1437;2023-07-14;48
1438;2023-07-11;48
1439;2023-07-07;40
1440;2023-07-04;43
1441;2023-06-30;49
1442;2023-06-27;38
1443;2023-06-23;46
1444;2023-06-20;48
1445;2023-06-16;49
1446;2023-06-13;45
1447;2023-06-09;44
1448;2023-06-06;39
1449;2023-06-02;49
1450;2023-05-30;38
1451;2023-05-26;37
1452;2023-05-23;34
1453;2023-05-19;47
1454;2023-05-16;49
1455;2023-05-12;48
1456;2023-05-09;50
1457;2023-05-05;32
1458;2023-05-02;36
1459;2023-04-28;45
1460;2023-04-25;39
1461;2023-04-21;46
1462;2023-04-18;36
1463;2023-04-14;49
1464;2023-04-11;44
1465;2023-04-07;46
1466;2023-04-04;48
1467;2023-03-31;50
1468;2023-03-28;49
1469;2023-03-24;46
1470;2023-03-21;50
1471;2023-03-17;46
1472;2023-03-14;41
1473;2023-03-10;43
1474;2023-03-07;45
1475;2023-03-03;46
1476;2023-02-28;43
1477;2023-02-24;49
1478;2023-02-21;49
1479;2023-02-17;45
1480;2023-02-14;38
1481;2023-02-10;34
1482;2023-02-07;50
1483;2023-02-03;45
1484;2023-01-31;48
1485;2023-01-27;35
1486;2023-01-24;45
1487;2023-01-20;49
1488;2023-01-17;45
1489;2023-01-13;47
1490;2023-01-10;45
1491;2023-01-06;50
